{
  "train": {
    "loss": [
      2.758251282526236,
      0.69446371900536,
      0.32186309869988056,
      0.15879350776398582,
      0.067505250140217,
      0.027277059444805324,
      0.015640596933791745,
      0.010263351675677598,
      0.010029125938004348,
      0.00341768762824479,
      0.005134284280740884,
      0.009130773085946684,
      0.009075590371675615,
      0.004426111936000793,
      0.00395967978244934,
      0.014416288578972945,
      0.01521573075818798,
      0.001369408160326788,
      0.0002947659817258275,
      0.00013248566282062212,
      0.00011702178232841267,
      0.00010532734637099392,
      0.00010014558242524148,
      8.661735530211758e-05,
      7.700209330296861e-05,
      6.756080358629646e-05,
      5.455797519148775e-05,
      4.666163556282658e-05,
      3.682236142488833e-05,
      2.8636322986127425e-05,
      2.3767918520877808e-05,
      2.033174242770472e-05,
      1.672731969930907e-05,
      1.3979543162226111e-05,
      1.1415851734845998e-05,
      9.491330111879668e-06,
      7.960595044402974e-06,
      6.5966766738315164e-06,
      6.285129719143355e-06,
      5.599735955986485e-06,
      5.12194472135712e-06,
      4.6133374933511095e-06,
      4.2949213311269615e-06,
      4.168365802367394e-06,
      3.913060432629069e-06,
      3.7104189573733684e-06,
      3.6195928230250205e-06,
      3.659710860538095e-06,
      3.5912096616426564e-06,
      3.605615898558873e-06
    ],
    "accuracy": [
      0.3127250900360144,
      0.7671068427370948,
      0.8899559823929571,
      0.9464785914365746,
      0.9831932773109243,
      0.9943977591036415,
      0.9967987194877951,
      0.9978991596638656,
      0.9979991996798719,
      0.9990996398559424,
      0.9986994797919168,
      0.9974989995998399,
      0.9980992396958783,
      0.9991996798719488,
      0.9988995598239295,
      0.9980992396958783,
      0.9983993597438976,
      1.0,
      1.0,
      1.0,
      1.0,
      1.0,
      1.0,
      1.0,
      1.0,
      1.0,
      1.0,
      1.0,
      1.0,
      1.0,
      1.0,
      1.0,
      1.0,
      1.0,
      1.0,
      1.0,
      1.0,
      1.0,
      1.0,
      1.0,
      1.0,
      1.0,
      1.0,
      1.0,
      1.0,
      1.0,
      1.0,
      1.0,
      1.0,
      1.0
    ]
  },
  "val": {
    "loss": [
      0.22876814270720763,
      0.07163111337970751,
      0.05965998657302407,
      0.07405253096187474,
      0.07781370085428187,
      0.07171407407098312,
      0.08833001655831066,
      0.08271192199140846,
      0.08954274027829502,
      0.07002423323298919,
      0.08458492382192831,
      0.0668839685851237,
      0.08790471959712859,
      0.06660975983313602,
      0.07806161133464518,
      0.07625919230522595,
      0.08503485049040335,
      0.0929130315854837,
      0.09171969604466981,
      0.07340264159218153,
      0.07391531918427334,
      0.07530292267420367,
      0.07531238832070401,
      0.07717274696972479,
      0.07904722700557443,
      0.08178102935769385,
      0.0833011982068261,
      0.08672134466549195,
      0.09023195450558257,
      0.09167948664481618,
      0.09491219467214679,
      0.06088658864208754,
      0.061822489051015846,
      0.0631591228496957,
      0.062337623439058645,
      0.06477009899820212,
      0.06451184321085603,
      0.06470400971699597,
      0.06571474507184018,
      0.06575655009343032,
      0.06629733818147746,
      0.06649224087484917,
      0.06652549259741339,
      0.06676641100959965,
      0.06685766875544938,
      0.06735881887459752,
      0.0676689877679172,
      0.06766855241972719,
      0.06758221273595139,
      0.0675917495886828
    ],
    "accuracy": [
      0.6176470588235294,
      0.8970588235294118,
      0.9215686274509803,
      0.9313725490196079,
      0.9264705882352942,
      0.9019607843137255,
      0.9166666666666666,
      0.9362745098039216,
      0.9019607843137255,
      0.9166666666666666,
      0.9264705882352942,
      0.9215686274509803,
      0.9166666666666666,
      0.9215686274509803,
      0.9166666666666666,
      0.9313725490196079,
      0.9264705882352942,
      0.946078431372549,
      0.946078431372549,
      0.9411764705882353,
      0.9411764705882353,
      0.9411764705882353,
      0.9411764705882353,
      0.9411764705882353,
      0.9411764705882353,
      0.9411764705882353,
      0.9411764705882353,
      0.9411764705882353,
      0.9411764705882353,
      0.9411764705882353,
      0.946078431372549,
      0.946078431372549,
      0.946078431372549,
      0.9411764705882353,
      0.946078431372549,
      0.9411764705882353,
      0.946078431372549,
      0.946078431372549,
      0.946078431372549,
      0.946078431372549,
      0.946078431372549,
      0.946078431372549,
      0.9411764705882353,
      0.9411764705882353,
      0.9411764705882353,
      0.9411764705882353,
      0.9411764705882353,
      0.9411764705882353,
      0.9411764705882353,
      0.9411764705882353
    ]
  }
}