{
  "train": {
    "loss": [
      2.758251282526236,
      0.69446371900536,
      0.32186309869988056,
      0.15879350776398582,
      0.067505250140217,
      0.027277059444805324,
      0.015640596933791745,
      0.010263351675677598,
      0.010029125938004348,
      0.00341768762824479,
      0.005134284280740884,
      0.009130773085946684,
      0.009075590371675615,
      0.004426111936000793,
      0.00395967978244934,
      0.014416288578972945,
      0.01521573075818798,
      0.001369408160326788,
      0.0002947659817258275
    ],
    "accuracy": [
      0.3127250900360144,
      0.7671068427370948,
      0.8899559823929571,
      0.9464785914365746,
      0.9831932773109243,
      0.9943977591036415,
      0.9967987194877951,
      0.9978991596638656,
      0.9979991996798719,
      0.9990996398559424,
      0.9986994797919168,
      0.9974989995998399,
      0.9980992396958783,
      0.9991996798719488,
      0.9988995598239295,
      0.9980992396958783,
      0.9983993597438976,
      1.0,
      1.0
    ]
  },
  "val": {
    "loss": [
      0.22876814270720763,
      0.07163111337970751,
      0.05965998657302407,
      0.07405253096187474,
      0.07781370085428187,
      0.07171407407098312,
      0.08833001655831066,
      0.08271192199140846,
      0.08954274027829502,
      0.07002423323298919,
      0.08458492382192831,
      0.0668839685851237,
      0.08790471959712859,
      0.06660975983313602,
      0.07806161133464518,
      0.07625919230522595,
      0.08503485049040335,
      0.0929130315854837,
      0.09171969604466981
    ],
    "accuracy": [
      0.6176470588235294,
      0.8970588235294118,
      0.9215686274509803,
      0.9313725490196079,
      0.9264705882352942,
      0.9019607843137255,
      0.9166666666666666,
      0.9362745098039216,
      0.9019607843137255,
      0.9166666666666666,
      0.9264705882352942,
      0.9215686274509803,
      0.9166666666666666,
      0.9215686274509803,
      0.9166666666666666,
      0.9313725490196079,
      0.9264705882352942,
      0.946078431372549,
      0.946078431372549
    ]
  }
}1372549
    ]
  }
}